{"step": [46, 93, 140, 187, 234, 281, 328, 375, 422, 469, 516, 563, 610, 657, 704, 751, 798, 845, 892, 939, 986, 1033, 1080, 1127, 1174, 1221, 1268, 1315, 1362, 1409, 1456, 1503, 1550, 1597, 1644, 1691, 1738, 1785, 1832, 1879, 1926, 1973, 2020, 2067, 2114, 2161, 2208, 2255, 2302, 2349, 2396, 2443, 2490, 2537, 2584, 2631, 2678, 2725, 2772, 2819, 2866, 2913, 2960, 3007, 3054, 3101, 3148, 3195, 3242, 3289, 3336, 3383, 3430, 3477, 3524, 3571, 3618, 3665, 3712, 3759, 3806, 3853, 3900, 3947, 3994, 4041, 4088, 4135, 4182, 4229, 4276, 4323, 4370, 4417, 4464, 4511, 4558, 4605, 4652, 4699], "Classification_loss": [0.0971962958574295, 0.1050034612417221, 0.0668235719203949, 0.051764536648988724, 0.05114736780524254, 0.03454914689064026, 0.05529777705669403, 0.025885790586471558, 0.014889934100210667, 0.03047179989516735, 0.020580481737852097, 0.02313403971493244, 0.00945015624165535, 0.012011493556201458, 0.008871219120919704, 0.015915853902697563, 0.01409555971622467, 0.006762906908988953, 0.009098108857870102, 0.017537323758006096, 0.007526378612965345, 0.008748127147555351, 0.00721579696983099, 0.01563682034611702, 0.01669357903301716, 0.014291373081505299, 0.011897837743163109, 0.0034099353943020105, 0.0011950142215937376, 0.004327269736677408, 0.005304640159010887, 0.00560554675757885, 0.017913205549120903, 0.0025041133631020784, 0.006088695023208857, 0.0076148416846990585, 0.004887917544692755, 0.004090078175067902, 0.008038167841732502, 0.002854208927601576, 0.0029362300410866737, 0.0061458866111934185, 0.00537488330155611, 0.005734398495405912, 0.006646045949310064, 0.004177807830274105, 0.0009618058102205396, 0.006784533616155386, 0.001609552069567144, 0.0015552060212939978, 0.001770571805536747, 0.002008837414905429, 0.0012570024700835347, 0.0015125992940738797, 0.002480683848261833, 0.0014260823372751474, 0.003105845768004656, 0.0019499032059684396, 0.00282740849070251, 0.0031604699324816465, 0.0008970575872808695, 0.0020989857148379087, 0.0012077176943421364, 0.0008826276171021163, 0.0012783079873770475, 0.001510042347945273, 0.005579046905040741, 0.001562559395097196, 0.0012426034081727266, 0.0009608883992768824, 0.0005316528840921819, 0.0005066482117399573, 0.0004896483151242137, 0.0005765852984040976, 0.0012568417005240917, 0.0010194159112870693, 0.001419713837094605, 0.0007594808121211827, 0.001076658838428557, 0.0005287834792397916, 0.0006151056149974465, 0.0007116874912753701, 0.0005544503219425678, 0.000676844734698534, 0.0009062581229954958, 0.0006435852264985442, 0.0006693254108540714, 0.0006970810936763883, 0.0004117092175874859, 0.0006339652463793755, 0.0008296943851746619, 0.0009415944223292172, 0.0006496789283119142, 0.0008122167782858014, 0.000595773512031883, 0.0005946413730271161, 0.0013758314307779074, 0.00038448371924459934, 0.0012360403779894114, 0.0007474349695257843], "Associative_loss": [12.94188117980957, 12.069753646850586, 10.6190824508667, 10.52137279510498, 11.022502899169922, 10.527623176574707, 10.204545021057129, 9.62163257598877, 9.602455139160156, 9.205394744873047, 7.830648422241211, 5.771270275115967, 5.6675801277160645, 5.469118595123291, 5.41741418838501, 5.3971967697143555, 5.409796237945557, 5.369312763214111, 5.361283302307129, 5.387004375457764, 5.369051456451416, 5.356286525726318, 5.337430953979492, 5.3908491134643555, 5.358832836151123, 5.374192714691162, 5.339313507080078, 5.285945415496826, 5.327013969421387, 5.301076412200928, 5.32589864730835, 5.364516735076904, 5.37373161315918, 5.297178745269775, 5.310558319091797, 5.3293938636779785, 5.321537017822266, 5.30175256729126, 5.309976577758789, 5.285434246063232, 5.285655498504639, 5.284847259521484, 5.287275791168213, 5.269710540771484, 5.274579048156738, 5.281282424926758, 5.275326728820801, 5.301382541656494, 5.250229835510254, 5.283063888549805, 5.262685775756836, 5.261430740356445, 5.248922348022461, 5.271882057189941, 5.269367218017578, 5.261789321899414, 5.29339075088501, 5.264603137969971, 5.264151573181152, 5.284099578857422, 5.2785420417785645, 5.2534685134887695, 5.260470867156982, 5.236433029174805, 5.2686896324157715, 5.257917404174805, 5.263002395629883, 5.253340244293213, 5.2472968101501465, 5.252006530761719, 5.249639511108398, 5.2632737159729, 5.255068302154541, 5.245656490325928, 5.25505256652832, 5.255302906036377, 5.260709762573242, 5.2557854652404785, 5.274964332580566, 5.251575946807861, 5.242401599884033, 5.261405944824219, 5.2346720695495605, 5.26739501953125, 5.247080326080322, 5.251552104949951, 5.256245136260986, 5.242181777954102, 5.230822563171387, 5.24744176864624, 5.261471748352051, 5.266246318817139, 5.2341814041137695, 5.244168281555176, 5.27307653427124, 5.2238311767578125, 5.246176242828369, 5.2286601066589355, 5.279867649078369, 5.275096416473389], "Regularizer_loss": [8.46440601348877, 8.464088439941406, 8.46110725402832, 8.068204879760742, 8.322938919067383, 8.15951156616211, 7.812920093536377, 7.800726413726807, 8.18601131439209, 7.061801910400391, 6.703183650970459, 6.070648670196533, 6.0399627685546875, 5.967986583709717, 5.934527397155762, 5.946621417999268, 5.937552452087402, 5.938689231872559, 5.923410892486572, 5.919167518615723, 5.9267730712890625, 5.90440559387207, 5.915547847747803, 5.92254638671875, 5.908947944641113, 5.915855884552002, 5.912392616271973, 5.938194751739502, 5.9226837158203125, 5.917690277099609, 5.912325859069824, 5.911011695861816, 5.90764856338501, 5.916047096252441, 5.914645195007324, 5.899064064025879, 5.901971817016602, 5.902568817138672, 5.905275344848633, 5.900803089141846, 5.8974809646606445, 5.912662982940674, 5.907652378082275, 5.906377792358398, 5.910152435302734, 5.904606819152832, 5.915276527404785, 5.912324905395508, 5.903034687042236, 5.899602890014648, 5.920907020568848, 5.918643951416016, 5.902325630187988, 5.896664142608643, 5.88917350769043, 5.902444839477539, 5.903378486633301, 5.904302597045898, 5.90170955657959, 5.901151657104492, 5.902374267578125, 5.9074273109436035, 5.8949761390686035, 5.904396057128906, 5.908408164978027, 5.892428398132324, 5.90555477142334, 5.892331123352051, 5.899853706359863, 5.892605781555176, 5.899440288543701, 5.892337799072266, 5.894171714782715, 5.898324966430664, 5.897961616516113, 5.907825469970703, 5.891012668609619, 5.892753601074219, 5.909029006958008, 5.900989532470703, 5.899632930755615, 5.902467250823975, 5.891258716583252, 5.900791645050049, 5.9008402824401855, 5.896551609039307, 5.891532897949219, 5.893093109130859, 5.902614116668701, 5.892996311187744, 5.894832611083984, 5.895887851715088, 5.897416114807129, 5.893863677978516, 5.902688980102539, 5.895824432373047, 5.899346828460693, 5.894827842712402, 5.886438369750977, 5.890707015991211],